Bulletin de la Commission pour l'Histoire des Eglises Wallones /	Deutsches Museum
Jahresbericht / Deutsche Gesellschaft für Bildende Kunst (Kunstverein Berlin)	Deutsches Museum
Cholera-Blatt	Deutsches Museum
Język polski :	Deutsches Museum
Meteorologische Beobachtungen an schleswig-holsteinischen und benachbarten Stationen	Deutsches Museum
Danmarks statistik / Statistiske Departement	Deutsches Museum
Svenska landsmål och svenskt folkliv :	Deutsches Museum
Annual report on the improvement of the harbors of Lakes Michigan, St. Clair, Erie, Ontario, and Champlain	Deutsches Museum
Technisch-wissenschaftliche Abhandlungen aus dem Osram-Konzern :	Deutsches Museum
Zeitschrift für den Erdkundeunterricht :	Deutsches Museum
Carinthia :	Deutsches Museum
Bote von Bethel /	Deutsches Museum
Nachrichten aus der Bethel-Mission /	Deutsches Museum
Der neue Orient :	Deutsches Museum
Die Bundesrepublik :	Deutsches Museum
Lateinamerika-Berichte	Deutsches Museum
Wirtschaftlicher Bericht der Handels- und Gewerbekammer für Niederbayern	Deutsches Museum
Das Wirtschaftsjahr / Schweizerische Bankgesellschaft	Deutsches Museum
Bericht der Freien Vereinigung für Pflanzengeographie und Systematische Botanik	Deutsches Museum
Zeitschrift für Arbeits- und Organisationspsychologie :	Deutsches Museum
Zeitschrift für Gerontopsychologie & -psychiatrie :	Deutsches Museum
Unterrichten, erziehen :	Deutsches Museum
Recueil des ordonnances de la Principauté de Liège	Deutsches Museum
The courier :	Deutsches Museum
The North Briton	Deutsches Museum
Journal of economic dynamics & control	Deutsches Museum
Annual report of the Commissioner of Indian Affairs to the Secretary of the Interior :	Deutsches Museum
European economy /	Deutsches Museum
G :	Deutsches Museum
Gestalt theory :	Deutsches Museum
Repräsentativuntersuchung über die Beschäftigung ausländischer Arbeitnehmer im Bundesgebiet und ihre Familien- und Wohnverhältnisse /	Deutsches Museum
Proustiana :	Deutsches Museum
Zur Wanzenfauna Schwabens und der Schwäbischen Alb /	Deutsches Museum
Bildungsreport /	Deutsches Museum
Zur Wanzenfauna Mittelfrankens (Insecta, Heteroptera) /	Deutsches Museum
Michaelis Sendivogii Chymische Schrifften :	Deutsches Museum
Außführliches, in den ReichsConstitutionibus vnd sonsten in der Experientz Wolgegründtes Fundamental Bedencken über das eingerißne höchstschädliche Müntz Vnwesen, vnnd stäygerung der groben Geltsorten, von Golt vnd Silber /	Deutsches Museum
D. Pauli Freheri ... Theatrum Virorum Eruditione Clarorum :	Deutsches Museum
Deutsches Museum	Deutsches Museum
Ulrich's update	Deutsches Museum
Schweizerische Zeitschrift für Psychologie :	Deutsches Museum
Praxis der klinischen Verhaltensmedizin und Rehabilitation	Deutsches Museum
Rapport triennal sur la situation de l'instruction primaire en Belgique :	Deutsches Museum
Die Wuth der Hunde als Seuche :	Deutsches Museum
Geschichte der dramatischen Literatur und Kunst in Spanien /	Deutsches Museum
Gvilielmi Rondeletii Doct. Medici, Et Medicinae In Schola Monspeliensi Professoris Regij & Cancellrij Methodus curandorum omnium morborum corporis humani :	Deutsches Museum
Schriften der Akademie von Ham.	Deutsches Museum
Ficción y política :	Deutsches Museum
Gottfried Graf :	Deutsches Museum
Röntgendiagnostik des Herzens und der großen Gefäße /	Deutsches Museum
Cornelii Taciti libri qui supersunt.	Deutsches Museum
Cornelii Taciti libri qui supersunt.	Deutsches Museum
Clariss. Imperialis Vrbis Lvbeci Chronicorvm Libri Tres	Deutsches Museum
School for the left hand.	Deutsches Museum
Die Wanzenfauna des Windsberges bei Freinhausen, Oberbayern :	Deutsches Museum
Kunstgeschichtliche Forschungen des Rheinischen Heimatbundes /	Deutsches Museum
Modulationi sacre	Deutsches Museum
Verzeichnis der astronomischen Handschriften des deutschen Kulturgebietes /	Deutsches Museum
Thomae Malleoli A Kempis ... Opera omnia :	Deutsches Museum
Bulletin / Deutsches Institut für Japanstudien	Deutsches Museum
Rede gehalten bei der Feier des Jahrestages der Eröffnung der Hochschule in Bern :	Deutsches Museum
Sammlung auserlesener Beobachtungen aus der technischen Geburtshülfe /	Deutsches Museum
Thesaurus Novus Anecdotorum.	Deutsches Museum
Lehrbuch der Röntgendiagnostik.	Deutsches Museum
Johann Martin Maximilian Einzingers von Einzing, Bayerischer Löw, Das ist: Historisches und Heraldisches Verzeichniß der Bayerischen Turnierer, und Helden, Welche die vom Könige Heinrich dem Vogler, bis auf den Kaiser Maximilian den Ersten Im Heil. Röm. Reiche gehaltenen öffentlichen Ritterspiele der 4. Deutschen Turnierlanden besuchet haben.	Deutsches Museum
Deutsche Monatsschrift für Litteratur und öffentliches Leben /	Deutsches Museum
Programm des K.K. Staats-Ober-Gymnasiums in Mies :	Deutsches Museum
Sechs Lieder von A. F. von Schack für eine hohe Singstimme mit Begleitung des Pianoforte.	Deutsches Museum
European review of applied psychology	Deutsches Museum
Curiosa, nec non politica vagabundi per Europam, vulgo sic dicti, Rationis Status, de praesenti tempore Nugae-Somnia :	Deutsches Museum
Jahresbericht / Königliches Pädagogium zu Putbus :	Deutsches Museum
Programm des Real-Gymnasiums zu Quakenbrück :	Deutsches Museum
Jahres-Bericht des Progymnasiums und der Realschule zu Rathenow	Deutsches Museum
Ausstellungsführer der Universitätsbibliothek der Freien Universität Berlin	Deutsches Museum
Three symphonies	Deutsches Museum
Religionsunterricht praktisch.	Deutsches Museum
Journal of occupational and organizational psychology /	Deutsches Museum
Gespräche In Dem Reiche derer Todten ... Zwischen Eduardo V., Einem unmündigen König von Engeland ... Und Ludovico I. König von Spanien, welcher erst vor wenig Monaten an denen Kinder-Blattern gestorben, ... /	Deutsches Museum
Geschichte des kurpfälzischen Heeres.	Deutsches Museum
Politisches Denken :	Deutsches Museum
Jane's airport equipment	Deutsches Museum
The Middle Cornish Charter endorsement :	Deutsches Museum
Jahrbuch für Psychodrama, psychosoziale Praxis & Gesellschaftspolitik	Deutsches Museum
Tiernamen und Wappenwesen /	Deutsches Museum
Frankfurt	Deutsches Museum
Mailand	Deutsches Museum
Österreichischer Schi-Lehrplan /	Deutsches Museum
Camoens :	Deutsches Museum
Mitteilungen und Berichte für die Angehörigen und Freunde der Universität Leipzig /	Deutsches Museum
Recepte und Kurarten der besten Aerzte aller Zeiten /	Deutsches Museum
An die Röm. Kaiserl. Majest. allerunterthäniges Memorial und Remonstration Schrifft ... in puncto Außschreibens zum Reichstage und der Tagsatzung zum  Lehnsempfängniß die Chur-Brandenburgische dagegen eingeführte Einwürfe betreffend ... d. d. Wien 1652	Deutsches Museum
José Clemente Orozco :	Deutsches Museum
Reise durch Morea und Albanien nach Constantinopel und in mehrere andere Theile des ottomanischen Reichs.	Deutsches Museum
Reise durch Morea und Albanien nach Constantinopel und in mehrere andere Theile des ottomanischen Reichs.	Deutsches Museum
Chemie und Technologie der Kunststoffe in Einzeldarstellungen	Deutsches Museum
Vom Turnier zur Parodie :	Deutsches Museum
The Freer Indian sculptures /	Deutsches Museum
Christliche Mosaikbildkunst /	Deutsches Museum
Kurzgefaßte Hebammenkunst :	Deutsches Museum
Das ritterliche Turnier im Mittelalter :	Deutsches Museum
Wohlan die Zeit ist gekommen	Deutsches Museum
Zwischen Utopie und Aporie :	Deutsches Museum
Spanisches Theater /	Deutsches Museum
Rezept-Taschenbuch für angehende Thierärzte und Landwirthe, welches eine kurze Beschreibung der gewöhnlichsten Krankheiten der Hausthiere ... enthält /	Deutsches Museum
Die verworrene Lehre der ehelichen Güter-Gemeinschaft.	Deutsches Museum
Betriebswirtschaftslehre.	Deutsches Museum
Die Ergebnisse der Viehzählungen ... und der Schlachtvieh- und Fleischbeschau /	Deutsches Museum
Bulletin of the National Gallery in Prague	Deutsches Museum
International journal of selection and assessment	Deutsches Museum
Leistung, Kosten, Ergebnis /	Deutsches Museum
Otto Dix im Selbstbildnis :	Deutsches Museum
L' ingegneria ferroviaria :	Deutsches Museum
P. Cornelius Tacitus.	Deutsches Museum
Veterinär-Memorabilien :	Deutsches Museum
Historiographie im frühen Mittelalter /	Deutsches Museum
Die ... Gewandhaus-Saison ... / Gewandhaus zu Leipzig	Deutsches Museum
Tyrocinium theologicum :	Deutsches Museum
A popular dictionary of Cornish place-names /	Deutsches Museum
Bibliothekswissenschaft und Bibliothekspraxis in der Sowjetunion :	Deutsches Museum
Die Bundesrepublik Deutschland :	Deutsches Museum
Grammaire bretonne /	Deutsches Museum
Proceedings of ... international workshop /	Deutsches Museum
Bildungswege der Frau :	Deutsches Museum
Studien zur Rechtsgeschichte der Gottes- und Landfrieden in Spanien /	Deutsches Museum
Von Luther bis Hitler :	Deutsches Museum
Conférence de l'Union Internationale contre la Tuberculose	Deutsches Museum
Histochemistry and cell biology :	Deutsches Museum
Auszug aus dem Jahresforschungsbericht / Technische Universität Dresden	Deutsches Museum
Studien über die innern Zustände, das Volksleben und insbesondere die ländlichen Einrichtungen Russlands.	Deutsches Museum
Kurfürstin Anna Sophie von Sachsen :	Deutsches Museum
Karl Caspar - Ölbilder und Grafiken :	Deutsches Museum
Unsere Altmark :	Deutsches Museum
Jahrbuch der Synodalkommission und des Vereins für Ostpreussische Kirchengeschichte	Deutsches Museum
Adreßbuch für die südlichen Vororte Leipzigs	Deutsches Museum
Adressbuch der Leipziger Vororte Möckern, Wahren, Stahmeln, Lützschena, Quasnitz, Hänichen, Lindenthal, Breitenfeld, Gross- und Klein-Wiederitzsch /	Deutsches Museum
Adreß- und Geschäfts-Handbuch des königl. sächs. Amtsgerichts-Bezirks Pirna aufführend die Einwohner-Verzeichnisse der Städte Berggießhübel, Dohna, Gottleuba, Liebstadt u. Wehlen nebst 84 zum Amtsgerichts-Bezirk Pirna gehörenden Landgemeinden /	Deutsches Museum
Adreß- und Geschäfts-Handbuch für die Stadt Sebnitz und die Ortschaften Amtshainersdorf, Hofhainersdorf, Hertigswalde, Hinterottendorf und Schönbach :	Deutsches Museum
IEEE journal of selected topics in quantum electronics :	Deutsches Museum
Polémica y estrategias narrativas en América Latina :	Deutsches Museum
Friedewirkung und Grundbesitz in Markt und Stadt /	Deutsches Museum
Die innere Entwicklung der bayerischen Landfrieden des 13. Jahrhunderts /	Deutsches Museum
Epistolae Pavli Scriptae ad Romanos, Enarratio /	Deutsches Museum
Annuaire diplomatique du Commissariat du Peuple pour les Affaires Étrangères :	Deutsches Museum
Die Kroninsignien des Königreiches Böhmen /	Deutsches Museum
Schriften zur politischen Bildung /	Deutsches Museum
Nachgelassene Schriften /	Deutsches Museum
Das Strafrecht der Stadt Dortmund bis zur Mitte des XVI. Jahrhunderts /	Deutsches Museum
Die numerische Bestimmung der Auswirkungen der auf die Entwicklungstendenz der Grubenkosten der Kaliindustrie der Deutschen Demokratischen Republik in den Jahren 1956 bis 1959 Einfluß nehmenden Faktoren /	Deutsches Museum
Bulletin de Librairie ancienne / J. A. Stargardt in Berlin	Deutsches Museum
Auswahl empfehlenswerter pädagogischer Werke aus dem Verlage von Julius Klinkhardt Leipzig, Berlin	Deutsches Museum
Zeitschrift für Kinder- und Jugendpsychiatrie und Psychotherapie /	Deutsches Museum
El salón México	Deutsches Museum
Die Landstände der Grafschaft Mark bis zum Jahre 1510 :	Deutsches Museum
Chemnitzer pädagogische Blätter	Deutsches Museum
Epische Dichtungen /	Deutsches Museum
Journal européen des systèmes automatisés :	Deutsches Museum
Für Entspannung und dauerhaften Frieden in Europa :	Deutsches Museum
Die Jäger :	Deutsches Museum
Rentabilitätsanalyse mit Beispielen aus Bereichen der Grundstoffindustrie /	Deutsches Museum
Erwerbungen	Deutsches Museum
Rationeller Stoffkreislauf /	Deutsches Museum
Alles Java! :	Deutsches Museum
Wesen und Bedeutung der Gesellschaftsformen /	Deutsches Museum
Erwerbungen	Deutsches Museum
Das grosse Buch der Turniere :	Deutsches Museum
Nowy teatr :	Deutsches Museum
Petite grammaire du breton moderne /	Deutsches Museum
Bulletin de la Station Agricole Expérimentale de l'Etat a Gembloux	Deutsches Museum
Paul Grohmann :	Deutsches Museum
De paralysi in animalibus domesticis observata /	Deutsches Museum
Beretning om Kristiania Blindeinstitut :	Deutsches Museum
La langue bretonne en 40 leçons /	Deutsches Museum
Wochenschrift für deutsches Handels- und Wechselrecht	Deutsches Museum
Praxis klinische Verhaltensmedizin und Rehabilitation	Deutsches Museum
Gazette des Ardennes :	Deutsches Museum
Poesie und Kunst der Araber in Spanien und Sicilien.	Deutsches Museum
Poesie und Kunst der Araber in Spanien und Sicilien.	Deutsches Museum
Thurnierbuch :	Deutsches Museum
Sämtliche Briefe an Johann Heinrich Pestalozzi :	Deutsches Museum
Jahresbericht der Handelskammer zu Kiel	Deutsches Museum
Geistige Brandstifter und Kollaborateure :	Deutsches Museum
Sbornik velehradsky :	Deutsches Museum
Das Friedegebot :	Deutsches Museum
Chrenecruda :	Deutsches Museum
Orientirungsheft	Deutsches Museum
Schwerindustrie und Politik /	Deutsches Museum
Bücher- und Zeitschriften-Verzeichnis der Bibliothek der Zentralstelle für Niedersächsische Familiengeschichte E.V.	Deutsches Museum
Kindergabe	Deutsches Museum
Dresden unter der Regierung Koenig Anton Clemens I. :	Deutsches Museum
Des Verkappten Speer-Reuters Don Meyero Auffm Olympischen Thurnier-Platze, Nach vielen herum Thummeln Endlich fürgenommenes, aber mißlungenes Erstes Anrennen :	Deutsches Museum
DLZ-Agrarmagazin :	Deutsches Museum
Die ungleichen Brüder :	Deutsches Museum
Religiöse Plastik unserer Zeit	Deutsches Museum
Mitteilungen des Eisenbahn-Zentralamts /	Deutsches Museum
Acta Pr°uhoniciana /	Deutsches Museum
Zu den Schul-Feierlichkeiten, welche in dem Königlichen Friedrich-Wilhelms-Gymnasium  ... statt finden werden, ladet ehrerbietigst ein der Director	Deutsches Museum
HTML 4 für Dummies :	Deutsches Museum
Zeitschrift des Deutschen Vereins zur Förderung der Luftschiffahrt	Deutsches Museum
Zeitschrift für Luftschiffahrt /	Deutsches Museum
Die Donau von Passau bis zum Schwarzen Meere /	Deutsches Museum
Madrigale	Deutsches Museum
Aeronautics :	Deutsches Museum
Anleitung für das Landvolk, in Absicht auf die Erkänntniß und Heilungsart der Krankheiten des Rind-Viehes :	Deutsches Museum
Kamekura Yūsaku no posutā :	Deutsches Museum
Gazette des Ardennes	Deutsches Museum
Passionsmusik aus dem Wohltemperierten Klavier	Deutsches Museum
Report of the Executive Committee /	Deutsches Museum
Understanding cognitive science /	Deutsches Museum
Die Laubhölzer :	Deutsches Museum
Gesammelte Werke des Grafen Adolf Friedrich von Schack.	Deutsches Museum
Jean Giraudoux :	Deutsches Museum
Final act of the ... International Conference on Private Air Law	Deutsches Museum
Le Parfait Bouvier, Ou Instruction Concernant la connoissance des Boeufs et Vaches :	Deutsches Museum
Gottfried Graf - 1881 - 1938 :	Deutsches Museum
System der theoretischen und practischen Thierheilkunde.	Deutsches Museum
Vollständiges Handbuch der Vieharzneikunst :	Deutsches Museum
Poezii	Deutsches Museum
Lothar :	Deutsches Museum
E. D. Morel, der Mann und sein Werk :	Deutsches Museum
ETRI journal :	Deutsches Museum
Pandora :	Deutsches Museum
Antworten der Geisteswissenschaft auf die großen Fragen des Daseins :	Deutsches Museum
Müssen wir arm bleiben? :	Deutsches Museum
Skizze einer vergleichenden Ophthalmologie vom Standpunkte der Veterinärkunde aus entworfen /	Deutsches Museum
Die Rindviehzucht in Rußland mit Rücksicht auf die Entstehung und Verbreitung der Rinderpest /	Deutsches Museum
Innere Colonisation im Nordwesten Deutschlands /	Deutsches Museum
Joseph Mazzini und die italienische Einheit /	Deutsches Museum
Max-Planck-Forschung :	Deutsches Museum
Geometry /	Deutsches Museum
Darstellung des Fabriks- und Gewerbswesens im österreichischen Kaiserstaate.	Deutsches Museum
Musikerziehung.	Deutsches Museum
Dokumentation des ... Wissenschaftlichen Symposiums der International School  of Management	Deutsches Museum
Verordnungsblatt der Großherzoglich Mecklenburg-Schwerinschen Postverwaltung	Deutsches Museum
Einführung in das Studium der romanischen Sprachen :	Deutsches Museum
European Information Technology Observatory	Deutsches Museum
Streichquartette 1-15	Deutsches Museum
Mitglieder-Verzeichnis der zum Verbande der Großen National-Mutterloge Zu den Drei Weltkugeln gehörenden Johannis-Loge Zu den Drei Adlern (gestiftet am 28. Oktober 1906) und der mit ihr verbundenen Schottenloge gleichen Namens im Orient Dresden	Deutsches Museum
Der Wasserbau an den Binnenwasserstrassen /	Deutsches Museum
Wohnen unterm Dach :	Deutsches Museum
Gesammelte Werke des Adolf Friedrich v. Schack.	Deutsches Museum
Edition Mathematik	Deutsches Museum
Schriftenreihe innovatives Organisations- und Prozeßmanagement	Deutsches Museum
Die Laubhölzer :	Deutsches Museum
War Göthe ein Mitbegründer der Descendenztheorie :	Deutsches Museum
Zusammenfassungen der Plenarsitzungen, Frühstücksseminare, Symposien, Foren, Guided Poster Tour, Intensivkurse, Firmensymposien, Untersuchungskurse, Praktikerseminare, Ringvorlesungen und Patientenworkshops :	Deutsches Museum
Windows 2000 Server für Dummies :	Deutsches Museum
Meine Gemäldesammlung /	Deutsches Museum
The gold treasure of Sigsig, Ecuador /	Deutsches Museum
Zur Stratigraphie des oberen Malm im südlichen Berner und Solothurner Jura /	Deutsches Museum
Der Versehrtensportler :	Deutsches Museum
Sportvezető :	Deutsches Museum
Surrogate cities	Deutsches Museum
Krankheiten des Kindesalters :	Deutsches Museum
Veranstaltungsplan /	Deutsches Museum
Evezés :	Deutsches Museum
Information :	Deutsches Museum
Meine Gemäldesammlung /	Deutsches Museum
Sämtliche Kompositionen für Violoncello und Klavier	Deutsches Museum
Indianer :	Deutsches Museum
Zeitschrift für klinische Psychologie und Psychotherapie :	Deutsches Museum
FERIC special report /	Deutsches Museum
DIJ-Newsletter :	Deutsches Museum
Rad Hrvatske Akademije Znanosti i Umjetnosti /	Deutsches Museum
Membrane technology :	Deutsches Museum
Marta Pieraccini Bozzolini :	Deutsches Museum
Die Physik auf Grundlage der Erfahrung.	Deutsches Museum
Die Physik auf Grundlage der Erfahrung.	Deutsches Museum
Spielräume - Raumbilder - Bilderwelten :	Deutsches Museum
Gerhard Vormwald - Arbeiten mit Fotografie, 1968 - 2001 /	Deutsches Museum
IEEE transactions on antennas and propagation	Deutsches Museum
IEEE computer graphics and applications	Deutsches Museum
IEEE microwave and wireless components letters	Deutsches Museum
IEEE transactions on instrumentation and measurement	Deutsches Museum
IEEE communications letters	Deutsches Museum
IT professional	Deutsches Museum
IEEE transactions on intelligent transportation systems	Deutsches Museum
IEEE electron device letters	Deutsches Museum
IEEE transactions on microwave theory and techniques	Deutsches Museum
IEEE journal of quantum electronics	Deutsches Museum
IEEE multiMedia	Deutsches Museum
IEEE transactions on power systems	Deutsches Museum
Ostbelgische Künstler	Deutsches Museum
IEEE transactions on visualization and computer graphics	Deutsches Museum
IEEE transactions on reliability	Deutsches Museum
IEEE transactions on semiconductor manufacturing	Deutsches Museum
IEEE electrical insulation magazine	Deutsches Museum
Kongress der Europäischen Gesellschaft für Hämatologie	Deutsches Museum
The annals of applied probability	Deutsches Museum
IEEE sensors journal	Deutsches Museum
Sozialpolitik aktuell /	Deutsches Museum
Individuelle Doppel- und Reihenhäuser :	Deutsches Museum
Shimmy of aircraft main landing gears /	Deutsches Museum
Briefwechsel /	Deutsches Museum
IEEE transactions on device and materials reliability	Deutsches Museum
Mehrsprachigkeit in der Romania :	Deutsches Museum
Sonata No. 3 for horn and piano	Deutsches Museum
Academic medicine	Deutsches Museum
How schools shortchange girls :	Deutsches Museum
Das kleine Haus :	Deutsches Museum
Guide to TCP/IP /	Deutsches Museum
Das Örtliche ... für Leipzig und Umgebung :	Deutsches Museum
Grösstenteils neue Aufgaben aus dem Gebiete der Géométrie descriptive nebst deren Anwendung auf die konstruktive Auflösung von Aufgaben über räumliche Verwandtschaften der Affinität, Collineation etc..	Deutsches Museum
ICD-10-SGB V.	Deutsches Museum
José Clemente Orozco in the United States, 1927 - 1934 :	Deutsches Museum
Les Bretons et la langue bretonne :	Deutsches Museum
Lieber Maler, male mir... :	Deutsches Museum
Jacobus Revius, a theological examination of Cartesian philosophy :	Deutsches Museum
Che! :	Deutsches Museum
Serenade G-Dur für Flöte, Violine und Bratsche oder 2 Violinen und Bratsche	Deutsches Museum
Musik für Violoncello und Klavier	Deutsches Museum
ACM SIGMOD record	Deutsches Museum
Bauen und Wohnen in der Stadt :	Deutsches Museum
Rechentafeln :	Deutsches Museum
Anthropology Southern Africa /	Deutsches Museum
Public culture	Deutsches Museum
Geistlich Denken - Rational Handeln :	Deutsches Museum
American journal of pastoral counseling	Deutsches Museum
Journal of health care chaplaincy	Deutsches Museum
Einführung in die marxistische Sozialpsychologie /	Deutsches Museum
Ethik.	Deutsches Museum
IEEE transactions on components and packaging technologies	Deutsches Museum
Geologische Exkursionen in der Umgegend von Dresden /	Deutsches Museum
Jahrbuch des Museums für Kunst und Gewerbe Hamburg	Deutsches Museum
Direct and inverse methods in nonlinear evolution equations :	Deutsches Museum
Erwerbungen	Deutsches Museum
Erwerbungen	Deutsches Museum
Erwerbungen	Deutsches Museum
Erwerbungen	Deutsches Museum
Erwerbungen	Deutsches Museum
Jahrbuch des Museums für Kunst und Gewerbe Hamburg	Deutsches Museum
Hocharabisch Wort für Wort.	Deutsches Museum
IEEE pervasive computing	Deutsches Museum
Deutsche Suchthilfestatistik	Deutsches Museum
Geschichte der dramatischen Literatur und Kunst in Spanien	Deutsches Museum
Verzeichnis ärztlicher Organisationen und anderer Verbände im Gesundheitswesen /	Deutsches Museum
Die Nadelhölzer (Koniferen) und übrigen Gymnospermen /	Deutsches Museum
Sommer- und Ferienhäuser der Woche :	Deutsches Museum
Rand und Wittgenstein :	Deutsches Museum
SNB working papers	Deutsches Museum
Nobiles Officinae :	Deutsches Museum
Che! :	Deutsches Museum
Revista matemática iberoamericana	Deutsches Museum
Pixl-Buch	Deutsches Museum
IEEE transactions on automation science and engineering	Deutsches Museum
Teploprovodnost' tverdych tel :	Deutsches Museum
Geschäft und Politik Hugenbergs /	Deutsches Museum
François Truffaut :	Deutsches Museum
Gewalt im Mittelalter :	Deutsches Museum
IEEE OSA journal of display technology	Deutsches Museum
Meine Gemäldesammlung /	Deutsches Museum
Kunstdenkmäler in Baden-Württemberg /	Deutsches Museum
Travaux & documents du cours postgrade :	Deutsches Museum
Kitovaja alleja :	Deutsches Museum
Gilberto Zorio :	Deutsches Museum
IEEE Latin America transactions	Deutsches Museum
Conversations in religion and theology	Deutsches Museum
GAK-Satellit /	Deutsches Museum
De sallustii dicendi genere commentatio /	Deutsches Museum
Focus-Money	Deutsches Museum
Sam Nashalietook /	Deutsches Museum
Cognitive linguistics bibliography	Deutsches Museum
Leistungsorientierte Budgetierung :	Deutsches Museum
Panorama :	Deutsches Museum
ACM SIGSAC review	Deutsches Museum
Ludwig sagt... :	Deutsches Museum
Zhong guo wen hua shi zhi shi cong shu	Deutsches Museum
Sportsprache in der Romania /	Deutsches Museum
Modernism, modernity	Deutsches Museum
Bestandsaufnahme von Auswahl- und Eignungsfeststellungsverfahren beim Hochschulzugang in Deutschland und ausgewählten Ländern /	Deutsches Museum
Mountain research and development	Deutsches Museum
Kursbuch klinische Neurophysiologie	Deutsches Museum
Akanthus-Kleinbuchreihe	Deutsches Museum
Am Hang :	Deutsches Museum
Die Erfüllung des Christenthums /	Deutsches Museum
Das Königliche evangel. Schullehrer-Seminar zu Schloß Elsterwerda :	Deutsches Museum
Jahrbuch / Klassik Stiftung Weimar	Deutsches Museum
Beitrag zur Kenntniss der Porphyre und petrographische Beschreibung der quarzführenden Porphyre in der Umgegend von Halle an der Saale /	Deutsches Museum
Social cognitive and affective neuroscience	Deutsches Museum
Lehrbuch der Röntgendiagnostik.	Deutsches Museum
Birgit Jürgenssen : Schuhwerk :	Deutsches Museum
Reformed orthodoxy and philosophy, 1625 - 1750 :	Deutsches Museum
Inoceramy verchnemelovych otloženij jugo-zapada vostočno-evropejskoj platformy /	Deutsches Museum
Katalozi Pedagoške Službe	Deutsches Museum
Journal of population	Deutsches Museum
The Emily Dickinson journal	Deutsches Museum
Aleph	Deutsches Museum
China review international	Deutsches Museum
Symplokē	Deutsches Museum
Marvels & tales	Deutsches Museum
Studies in American Indian literatures	Deutsches Museum
China	Deutsches Museum
River Teeth	Deutsches Museum
Nabokov studies	Deutsches Museum
Der Aktenvortrag im öffentlichen Recht /	Deutsches Museum
Der Friedewaldt die halbe Vor Jungung /	Deutsches Museum
Barnabus Akkanashoonark /	Deutsches Museum
Family advocate	Deutsches Museum
Antonio Machado /	Deutsches Museum
Anthropology of consciousness	Deutsches Museum
Social psychology	Deutsches Museum
In Plural oder der Versuch einer Auswahl von Fotoarbeiten der Studierenden des Fachbereiches Design aus den Jahren 2001 - 2006 :	Deutsches Museum
Industrielles Rechnungswesen.	Deutsches Museum
Management education and development	Deutsches Museum
New York judicial repository	Deutsches Museum
Louise Lawler :	Deutsches Museum
Alte Meister des Klavierspiels	Deutsches Museum
Auktionspreise :	Deutsches Museum
Técnica pecuaria en México	Deutsches Museum
Archive of oncology	Deutsches Museum
Trilogía	Deutsches Museum
European papers on the new welfare	Deutsches Museum
The School community journal	Deutsches Museum
Colombia internacional	Deutsches Museum
Biota Colombiana	Deutsches Museum
Research letters in communications	Deutsches Museum
Finnish journal of ethnicity and migration	Deutsches Museum
The new educational review	Deutsches Museum
Der Dada	Deutsches Museum
Saúde e sociedade	Deutsches Museum
Neotropical primates	Deutsches Museum
Die neue Hauptwache in Dresden	Deutsches Museum
The open family studies journal	Deutsches Museum
The Entertainer	Deutsches Museum
Der Parteiapparat der SBZ /	Deutsches Museum
Kultur-Spiegel	Deutsches Museum
European company and financial law review :	Deutsches Museum
Cancer therapy	Deutsches Museum
King's law journal	Deutsches Museum
Journal of legal studies education	Deutsches Museum
Journal of human behavior in the social environment	Deutsches Museum
Quaderni di fisica teorica	Deutsches Museum
NAME - Readymade :	Deutsches Museum
Experimental diabetes research	Deutsches Museum
Environmental law	Deutsches Museum
Georgetown immigration law journal	Deutsches Museum
Federal sentencing reporter	Deutsches Museum
Family court review	Deutsches Museum
Musculoskeletal care	Deutsches Museum
Harvard Blackletter Journal	Deutsches Museum
Journal of health care law and policy	Deutsches Museum
The United States law intelligencer and review	Deutsches Museum
San Diego international law journal	Deutsches Museum
The economist historical archive	Deutsches Museum
Minnesota journal of global trade	Deutsches Museum
Journal of civil law studies	Deutsches Museum
Persona y bioética	Deutsches Museum
American bee journal	Deutsches Museum
Tuna Iquliq	Deutsches Museum
Gardener's monthly and horticulturist	Deutsches Museum
Contexts :	Deutsches Museum
Realistische Phänomenologie :	Deutsches Museum
Die neue Hauptwache in Dresden	Deutsches Museum
Landesmuseum Darmstadt	Deutsches Museum
Suma Psicológica	Deutsches Museum
Moritz Schlick - die frühen Jahre (1882 - 1907) /	Deutsches Museum
Revista de Contabilidad	Deutsches Museum
Deutsche+Guggenheim magazine /	Deutsches Museum
The clinical supervisor	Deutsches Museum
Journal of social service research	Deutsches Museum
Journal of teaching in social work	Deutsches Museum
Journal of housing for the elderly	Deutsches Museum
European review of social psychology	Deutsches Museum
African identities	Deutsches Museum
Philosophical practice	Deutsches Museum
Nature clinical practice	Deutsches Museum
The Literary record and journal of the Linnaean Association of Pennsylvania College	Deutsches Museum
Journal of English studies	Deutsches Museum
Social thought	Deutsches Museum
Journal of optical communications and networking	Deutsches Museum
Aktivitäten im Jahr ... / Agentur der Europäischen Union für Grundrechte	Deutsches Museum
Prometheus	Deutsches Museum
Signa Vitae	Deutsches Museum
Memoirs of the Society for American Archaeology	Deutsches Museum
The Psychotherapy patient	Deutsches Museum
Revista crítica de ciências sociais	Deutsches Museum
Journal of social work in long term care	Deutsches Museum
Journal of groups in addiction & recovery	Deutsches Museum
Journal of dual diagnosis	Deutsches Museum
Areté	Deutsches Museum
VEST	Deutsches Museum
Sociológica	Deutsches Museum
Comunicacion y sociedad	Deutsches Museum
Jeden Tag, den ganzen Tag :	Deutsches Museum
Verwaltungsrecht, Allgemeiner Teil :	Deutsches Museum
Gender and language	Deutsches Museum
Beliefs & values	Deutsches Museum
IP :	Deutsches Museum
Journal of special education and rehabilitation	Deutsches Museum
American English :	Deutsches Museum
Rocky Mountain Communication Review	Deutsches Museum
Functions of one complex variable.	Deutsches Museum
Journal of psychotherapy in independent practice	Deutsches Museum
Electronic international journal of time use research	Deutsches Museum
Sechzig Etüden für Violine	Deutsches Museum
Erläuterungen zu Schillers Wilhelm Tell für Schule und Haus /	Deutsches Museum
Kunstszene Zürich	Deutsches Museum
Die Zeit	Deutsches Museum
The structure and life of forest trees /	Deutsches Museum
Antitrust	Deutsches Museum
Exchange Traded Funds (ETFs) :	Deutsches Museum
Practice development in health care	Deutsches Museum
T'ang studies	Deutsches Museum
Entwicklung naturwissenschaftlichen Denkens zwischen Phänomen und Systematik :	Deutsches Museum
Observatorio de Economía y Operaciones Numéricas	Deutsches Museum
Culture, society & masculinities	Deutsches Museum
Estudios migratorios	Deutsches Museum
The Rural casket	Deutsches Museum
The Rural magazine	Deutsches Museum
The thistle	Deutsches Museum
Western Gleaner, or repository for arts, sciences and literature	Deutsches Museum
The Royal spiritual magazine, or the Christian's grand treasure	Deutsches Museum
The Sunday visitant, or, weekly repository of Christian knowledge	Deutsches Museum
The United States magazine or general repository of useful instruction and rational amusement	Deutsches Museum
Universalist's miscellany	Deutsches Museum
the Youth's magazine, or evangelical miscellany	Deutsches Museum
The Philadelphia journal of the medical and physical sciences	Deutsches Museum
New York literary journal, and belles-lettres repository	Deutsches Museum
The Panoplist and missionary herald	Deutsches Museum
The moral and religious cabinet	Deutsches Museum
New England missionary magazine, for promoting useful knowledge and evangelical doctrine	Deutsches Museum
New Jerusalem record	Deutsches Museum
The Nightingale or a melange de litterature	Deutsches Museum
Philadelphia medical museum	Deutsches Museum
The religious repository	Deutsches Museum
The New York magazine or literary repository	Deutsches Museum
The Philadelphia magazine and review, or monthly repository of information and amusement	Deutsches Museum
Philadelphian magazine	Deutsches Museum
Political controversy, or weekly magazine of ministerial and anti-ministerial essays	Deutsches Museum
The quarterly theological review	Deutsches Museum
The literary magazine and American register	Deutsches Museum
The literary museum or monthly magazine	Deutsches Museum
Medical repository	Deutsches Museum
The Monthly anthology, and Boston review	Deutsches Museum
The Long Island Magazine or Universal Repository	Deutsches Museum
The Medical and physical journal	Deutsches Museum
The monthly monitor and philanthropic museum	Deutsches Museum
The gospel herald	Deutsches Museum
The Key	Deutsches Museum
General repository and review	Deutsches Museum
The Gentleman's museum and grand imperial magazine	Deutsches Museum
Halcyon luminary and theological repository	Deutsches Museum
The imperial magazine or complete monthly intelligencer	Deutsches Museum
Journal of Medicine	Deutsches Museum
Journal of interpretation research	Deutsches Museum
Woman's gazette	Deutsches Museum
The Freemasons' magazine, or general and complete library	Deutsches Museum
Der Prediger Salomo's :	Deutsches Museum
A review of the state of the British nation	Deutsches Museum
The evidence or religious and moral gazette	Deutsches Museum
Academic recreations	Deutsches Museum
The evangelical magazine	Deutsches Museum
A Religious magazine	Deutsches Museum
The Boston weekly magazine	Deutsches Museum
Christian chronicle	Deutsches Museum
Edition Musikbibliothek Aschaffenburg$nMusikdruck	Deutsches Museum
Series / Alpine Forschungsstelle Obergurgl	Deutsches Museum
IEE journal on electronic circuits and systems	Deutsches Museum
Bulletin of the American Art Union	Deutsches Museum
American law journal and miscellaneous repertory	Deutsches Museum
Environmental performance reviews /	Deutsches Museum
Psychosocial intervention	Deutsches Museum
Excerpta et dissertationibus in philosophia	Deutsches Museum
Anuario de derecho internacional	Deutsches Museum
Cuadernos de Educación	Deutsches Museum
Anuario / Facultad de Ciencias Humanas, Universidad Nacional de La Pampa	Deutsches Museum
Boletín / Centro de Estudios Monetarios Latinoamericanos	Deutsches Museum
Derecho-PUC	Deutsches Museum
Biotecnología en el sector agropecuario y agroindustrial	Deutsches Museum
The Catholic answer	Deutsches Museum
Eugen Rǎdescu, How innocent is that? :	Deutsches Museum
Pakistan Journal of Social Sciences (PJSS)	Deutsches Museum
Albany literary gazette	Deutsches Museum
American ladies' magazine	Deutsches Museum
American silk-grower and agriculturist	Deutsches Museum
New Zealand universities law review	Deutsches Museum
Peace magazine	Deutsches Museum
Serie Bibliotecología y gestión de información	Deutsches Museum
Revista Selecciones de Bioética	Deutsches Museum
Revista de expresión gráfica arquitectónica	Deutsches Museum
Revista de derecho privado	Deutsches Museum
Revista de arqueología americana	Deutsches Museum
Revista colombiana de física	Deutsches Museum
Publicación del CIFFyH	Deutsches Museum
Producción + limpia	Deutsches Museum
Perspectivas en psicología	Deutsches Museum
Lenguas modernas	Deutsches Museum
Revista de protección vegetal	Deutsches Museum
Voces	Deutsches Museum
Boston mechanic, and Journal of the useful arts and sciences	Deutsches Museum
Boston monthly magazine	Deutsches Museum
Christian advocate and journal	Deutsches Museum
Christian intelligencer	Deutsches Museum
Christian preacher	Deutsches Museum
Christian statesman	Deutsches Museum
Church register	Deutsches Museum
Common school advocate	Deutsches Museum
Der christliche Hausfreund	Deutsches Museum
Domestic, medical, and dietetical monitor, or journal of health	Deutsches Museum
Episcopal watchman	Deutsches Museum
Evangelical preacher	Deutsches Museum
Evangelisches Magazin der Hochdeutschen Reformirten Kirche in den Vereinigten Staaten von Nord-Amerika	Deutsches Museum
Family lyceum	Deutsches Museum
Free meetings advocate	Deutsches Museum
Genius of liberty	Deutsches Museum
Gospel advocate	Deutsches Museum
Herald of truth	Deutsches Museum
Horticultural register, and gardener's magazine	Deutsches Museum
It /	Deutsches Museum
Journal of the American Institute	Deutsches Museum
Juvenile rambler, or, Family and school journal	Deutsches Museum
Ladies' museum	Deutsches Museum
Literary emporium	Deutsches Museum
Magdalen facts	Deutsches Museum
Manual of American principles	Deutsches Museum
Religion and tourism :	Deutsches Museum
Matsell's advertiser of liberal books	Deutsches Museum
Military and naval magazine of the United States	Deutsches Museum
Missionary record of the Domestic and Foreign Missionary Society of the Protestant Episcopal Church in the United States of America /	Deutsches Museum
National philanthropist and investigator	Deutsches Museum
New England farmer, and gardener's journal	Deutsches Museum
New-York medical inquirer	Deutsches Museum
New-York spy	Deutsches Museum
North American. Or, Weekly journal of politics, science and literature	Deutsches Museum
Paul Pry and ladies' advocate	Deutsches Museum
Peabody & Co.'s monthly advertiser	Deutsches Museum
Periodical account of Baptist missions within the Indian Territory	Deutsches Museum
Quarterly advertiser	Deutsches Museum
Religious and literary intelligencer	Deutsches Museum
Religious inquirer	Deutsches Museum
Rhode-Island journal, and Sunday school & Bible class advocate	Deutsches Museum
Monthly paper of the American Board of Commissioners for Foreign Missions	Deutsches Museum
Sabbath school instructor	Deutsches Museum
Select journal of foreign periodical literature	Deutsches Museum
The Academic pioneer, and guardian of education	Deutsches Museum
The African repository and colonial journal	Deutsches Museum
The Amaranth, or Masonic garland	Deutsches Museum
The American Christian expositor	Deutsches Museum
The American Journal of Science and Arts	Deutsches Museum
The American monthly review	Deutsches Museum
The American pulpit	Deutsches Museum
The amethyst	Deutsches Museum
The Atheneum, or spirit of the English magazines, and ladies journal of fashions	Deutsches Museum
The Baptist advocate	Deutsches Museum
The biblical repository	Deutsches Museum
The Boston literary magazine	Deutsches Museum
The Boston pearl and literary gazette	Deutsches Museum
The busy-body	Deutsches Museum
The cabinet of natural history and American rural sports	Deutsches Museum
The cabinet	Deutsches Museum
The Canadian magazine and literary repository	Deutsches Museum
The censor	Deutsches Museum
The Chinese repository	Deutsches Museum
The Christian advocate	Deutsches Museum
The Christian examiner and general review	Deutsches Museum
The Christian magazine	Deutsches Museum
The Christian visitant; or, religious miscellany	Deutsches Museum
The disciple	Deutsches Museum
The Evangelical and literary magazine and missionary chronical	Deutsches Museum
The experiment and office holder's journal	Deutsches Museum
The family visiter and Sunday school magazine	Deutsches Museum
The Franklin journal and American mechanics' magazine	Deutsches Museum
The genius of universal emancipation	Deutsches Museum
The gospel anchor	Deutsches Museum
The guardian & monitor	Deutsches Museum
The harbinger of peace	Deutsches Museum
The Indian advocate	Deutsches Museum
The jewish intelligencer	Deutsches Museum
The ladies' companion	Deutsches Museum
The ladies' magazine	Deutsches Museum
The ladies' souvenir	Deutsches Museum
The literary and evangelical magazine	Deutsches Museum
The literary journal, and weekly register of science and the arts	Deutsches Museum
The Long Island journal of philosophy, and cabinet of variety	Deutsches Museum
The mathematical miscellany	Deutsches Museum
The American magazine of wonders and marvellous chronicle	Deutsches Museum
The American mineralogical journal	Deutsches Museum
The American universal magazine	Deutsches Museum
Cabinet	Deutsches Museum
The Christian herald	Deutsches Museum
The Christian monitor and religious intelligencer	Deutsches Museum
The christian observer	Deutsches Museum
The churchman's monthly magazine, or treasury of divine and useful knowledge	Deutsches Museum
The Connecticut evangelical magazine	Deutsches Museum
Evangelical intelligencer	Deutsches Museum
Literary and musical magazine	Deutsches Museum
The Panoplist and missionary magazine	Deutsches Museum
Spectacles	Deutsches Museum
The Bureau or repository of literature politics and intelligence	Deutsches Museum
The Christian spectator	Deutsches Museum
Copper plate magazine or monthly treasure for the admirers of the imitative arts	Deutsches Museum
The New York medical and philosophical journal and review	Deutsches Museum
The observer and repertory of original and selected essays in verse & prose, on topics of polite literature, & c	Deutsches Museum
St. James's magazine or memoirs of our own times	Deutsches Museum
The medley	Deutsches Museum
The Methodist magazine	Deutsches Museum
The Metropolitan or, Catholic monthly magazine	Deutsches Museum
The New-York literary gazette and Phi Beta Kappa repository	Deutsches Museum
The monitor	Deutsches Museum
The monthly American journal of geology and natural science	Deutsches Museum
The mothers' monthly journal	Deutsches Museum
The musical cabinet	Deutsches Museum
The musical miscellany	Deutsches Museum
The national library and domestic repository of science, morals, education, biography, history, agriculture, arts, literature, physiology, philosophy, political and domestic economy, and useful knowledge in general	Deutsches Museum
The naval magazine	Deutsches Museum
The New-England medical review and journal	Deutsches Museum
The New-England telegraph, and eclectic review	Deutsches Museum
The North American magazine	Deutsches Museum
The olive branch and Christian inquirer	Deutsches Museum
The Philadelphia visiter	Deutsches Museum
The pilgrim, or monthly visitor	Deutsches Museum
The portrait painter	Deutsches Museum
The Protestant Episcopalian and church register	Deutsches Museum
The Protestant's abridger and annotator	Deutsches Museum
The puritan, or lay-essayist	Deutsches Museum
The rainbow	Deutsches Museum
The reflector, and liberal advocate	Deutsches Museum
The religious magazine	Deutsches Museum
The rose bud, or youth's gazette	Deutsches Museum
The Sabbath school herald	Deutsches Museum
The silk culturist and farmer's manual	Deutsches Museum
The Southern review	Deutsches Museum
The souvenir	Deutsches Museum
The Sunday school teacher, and children's friend	Deutsches Museum
The Transylvania journal of medicine and the associate sciences	Deutsches Museum
The trifler	Deutsches Museum
The unitarian Christian	Deutsches Museum
The universalist expositor	Deutsches Museum
The volunteer	Deutsches Museum
The western luminary	Deutsches Museum
The Worcester magazine and historical journal	Deutsches Museum
Tōyō bunkashi /	Deutsches Museum
Australian journal of primary health	Deutsches Museum
Unitarian monitor	Deutsches Museum
Universalist union	Deutsches Museum
Waldie's octavo library	Deutsches Museum
Wesleyan anti-slavery herald	Deutsches Museum
Western farmer	Deutsches Museum
Youth's companion and family visitor	Deutsches Museum
Zion's advocate	Deutsches Museum
The youth's friend	Deutsches Museum
Child law practice	Deutsches Museum
The international journal of occupational and environmental medicine	Deutsches Museum
The ICFAI journal of environmental law	Deutsches Museum
Tantum dic verbo :	Deutsches Museum
Wittgenstein und Schlick	Deutsches Museum
An ancient figure of terra cotta from the valley of Mexico :	Deutsches Museum
Exploration of Zapotecan tombs in Southern Mexico /	Deutsches Museum
Gastroenterology insights	Deutsches Museum
Helden im Schatten der Gesellschaft :	Deutsches Museum
Journal of EMDR practice and research	Deutsches Museum
Math horizons	Deutsches Museum
Goethe's religiöser Entwicklungsgang /	Deutsches Museum
Embedded selforganising systems	Deutsches Museum
Medienkompetenz in der Schule :	Deutsches Museum
African journal of paediatric surgery	Deutsches Museum
Kriegs-, Turnier- und Jagdwaffen vom frühen Mittelalter bis zum dreißigjährigen Krieg :	Deutsches Museum
The Philadelphia magazine	Deutsches Museum
Der junge Trompeter.	Deutsches Museum
Geschichte des Königlichen Gymnasiums zu Eisleben von 1846-1896 :	Deutsches Museum
Mizan law review	Deutsches Museum
African journal of marine science	Deutsches Museum
Primary psychiatry	Deutsches Museum
Person centered & experiential psychotherapies	Deutsches Museum
Der neue Weg zur Gesundheit :	Deutsches Museum
The American phrenological journal & miscellany	Deutsches Museum
The Acorn	Deutsches Museum
The Phonal depot	Deutsches Museum
Ae precursur	Deutsches Museum
American annals of the deaf and dumb	Deutsches Museum
The American eagle	Deutsches Museum
The American laborer	Deutsches Museum
The American pulpit	Deutsches Museum
The American temperance magazine and sons of temperance offering	Deutsches Museum
The Artist	Deutsches Museum
The Awl	Deutsches Museum
The Baltimore phoenix & budget	Deutsches Museum
Bedford street budget	Deutsches Museum
Ueber die Gesammtbelehnung in deutschen Fürstenthümern /	Deutsches Museum
Straßburg :	Deutsches Museum
Boys' and girls' monthly library	Deutsches Museum
Campbell's foreign semi-monthly magazine	Deutsches Museum
The Cedar Hill repository	Deutsches Museum
Cheeseman's register	Deutsches Museum
City watchman's alarm	Deutsches Museum
A Pebble against the tide	Deutsches Museum
Advent watchman	Deutsches Museum
Album & literary companion	Deutsches Museum
American journal of music & musical visitor	Deutsches Museum
Anglo-american magazine	Deutsches Museum
Der Arbeiter	Deutsches Museum
The Baptist memorial and family book	Deutsches Museum
Bibliotheca sacra and theological review	Deutsches Museum
The Advent review and sabbath herald	Deutsches Museum
The Advent shield and review	Deutsches Museum
The American agriculturist	Deutsches Museum
The American journal of agriculture and science	Deutsches Museum
The American law journal	Deutsches Museum
The American masonic register and literary companion	Deutsches Museum
The Anti-annihilationist	Deutsches Museum
The Bank reformer	Deutsches Museum
The Bombay church missionary magazine	Deutsches Museum
The Catholic cabinet and chronicle of religious intelligence containing original and selected articles	Deutsches Museum
The Charleston medical journal and review	Deutsches Museum
The Child's friend and youth's magazine	Deutsches Museum
The Christian diadem and family keepsake	Deutsches Museum
The Christian union and religious memorial	Deutsches Museum
The Church record	Deutsches Museum
The Classic or college monthly	Deutsches Museum
Cold water cup and Fitchburg Washingtonian	Deutsches Museum
The Columbian lady's and gentleman's magazine	Deutsches Museum
The Connecticut farmer's gazette and horticultural repository	Deutsches Museum
The Coon	Deutsches Museum
The Daguerreotype	Deutsches Museum
The Day star	Deutsches Museum
Stockton's dental intelligencer	Deutsches Museum
Dramatic mirror and literary companion	Deutsches Museum
Eliza cook's journal	Deutsches Museum
Evangelical repository	Deutsches Museum
The Evening budget	Deutsches Museum
Family and school visitor	Deutsches Museum
Farmer and mechanic and american cabinet	Deutsches Museum
The Favourite magazine of instruction and amusement for boys and girls	Deutsches Museum
The Fly	Deutsches Museum
The Freemason's monthly magazine	Deutsches Museum
Friends' weekly intelligencer	Deutsches Museum
Gazette of the union golden rule and odd fellows' family companion	Deutsches Museum
The Georgia cadet	Deutsches Museum
The Gleaner	Deutsches Museum
The Golden rule and mirror of the times	Deutsches Museum
The Gospel publisher and journal of useful knowledge	Deutsches Museum
Graham's lady's and gentleman's magazine	Deutsches Museum
The Green mountain gem	Deutsches Museum
The Guide to christian perfection	Deutsches Museum
Half yearly abstract of the medical sciences	Deutsches Museum
Herald of progression	Deutsches Museum
The Hesperian	Deutsches Museum
The Hierophant or monthly expositor of sacred symbols and prophecy	Deutsches Museum
The Hygeia gem and musician	Deutsches Museum
The Institute omnibus and school day gleaner	Deutsches Museum
The Investigator	Deutsches Museum
The Iris and New Hampshire literary record	Deutsches Museum
The Journal of agriculture	Deutsches Museum
The Practical educator and journal of health	Deutsches Museum
Journal of the Historical and Philosophical Society of Ohio	Deutsches Museum
Journal of the Rhode Island Institute of Instruction	Deutsches Museum
Juvenile mirror and youth's literary companion	Deutsches Museum
The Juvenile Wesleyan	Deutsches Museum
The Ladies' album	Deutsches Museum
The Ladies' garland and family magazine	Deutsches Museum
The Ladies' pearl	Deutsches Museum
The Ladies wreath or national gallery and repository of literature and art	Deutsches Museum
Schule mit Zukunft :	Deutsches Museum
Immobilienverkaufskatalog /	Deutsches Museum
The Latter day witness	Deutsches Museum
The Light of Zion and sabbath school contributor	Deutsches Museum
The Literary examiner and western monthly review	Deutsches Museum
Literary repository	Deutsches Museum
The Loafers' weekly gazette	Deutsches Museum
The Louisville journal of medicine and surgery	Deutsches Museum
The Lowell offering	Deutsches Museum
The Mammoth	Deutsches Museum
The Masonic journal	Deutsches Museum
The Massachusetts teacher	Deutsches Museum
Mechanic apprentice	Deutsches Museum
The Medical intelligencer and literary advertiser	Deutsches Museum
The Methodist quarterly review	Deutsches Museum
The Mirror of the patent office and journal of american improvements	Deutsches Museum
The Missionary chronicle	Deutsches Museum
Mnemonicks applied to chronology, geography, history, and statistics	Deutsches Museum
The Monitor	Deutsches Museum
The Monthly hesperian and odd fellows' literary magazine	Deutsches Museum
Monthly missionary notice	Deutsches Museum
The Monthly religious magazine	Deutsches Museum
Mothers' and young ladies' guide	Deutsches Museum
The Moyamensing colporteur	Deutsches Museum
The National magazine and republican review	Deutsches Museum
The Nautilus	Deutsches Museum
The New church repository and monthly review	Deutsches Museum
Worcester journal of medicine	Deutsches Museum
The New Hampshire journal of medicine	Deutsches Museum
The New world <New York, NY> :	Deutsches Museum
The New York journal of medicine	Deutsches Museum
The New York magnet	Deutsches Museum
New York municipal gazette	Deutsches Museum
The New York quarterly	Deutsches Museum
The Nineteenth century	Deutsches Museum
The Northern farmer	Deutsches Museum
Norton's literary gazette	Deutsches Museum
Odd fellow	Deutsches Museum
The Ohio cultivator	Deutsches Museum
The Olive branch	Deutsches Museum
The Oregonian and indian's advocate	Deutsches Museum
The Orpheus	Deutsches Museum
The Parent's magazine	Deutsches Museum
The Pennsylvania farm journal	Deutsches Museum
Peterson's magazine of art, literature and fashion	Deutsches Museum
Philadelphia repository and religious and literary review	Deutsches Museum
The Pictorial national library	Deutsches Museum
The Plumbe popular magazine	Deutsches Museum
The Presbyterian magazine	Deutsches Museum
Proceedings of the Essex Institute	Deutsches Museum
The Promethean or communitarian apostle	Deutsches Museum
The Protectionist	Deutsches Museum
Protestantische Zeitblätter	Deutsches Museum
The Quarterly review of the Methodist Episcopal Church South	Deutsches Museum
The Quiver, and odd fellows' guide	Deutsches Museum
Religious and literary gem	Deutsches Museum
The Repository	Deutsches Museum
The Retrospect of practical medicine and surgery	Deutsches Museum
The Rhode Island educational magazine	Deutsches Museum
Rhode Island temperance pledge and literary standard	Deutsches Museum
Roberts' semi-monthly magazine for town and country	Deutsches Museum
The Saint Louis mirror	Deutsches Museum
Sabbath school contributor	Deutsches Museum
Sartain's union magazine of literature and art	Deutsches Museum
The Schoolfellow	Deutsches Museum
Second advent witness	Deutsches Museum
The Seventh day baptist memorial	Deutsches Museum
The Simon Pure Portland genius	Deutsches Museum
South western journal	Deutsches Museum
The Southern christian sentinel	Deutsches Museum
Southern medical and surgical journal	Deutsches Museum
The Southern quarterly review	Deutsches Museum
The Sparkling fountain	Deutsches Museum
The Spirit of the times	Deutsches Museum
Spiritual philosopher	Deutsches Museum
The Standard library	Deutsches Museum
The Striped pig	Deutsches Museum
The Stylus	Deutsches Museum
Sunday scholar's mirror	Deutsches Museum
The Symbol and odd fellow's magazine	Deutsches Museum
The Tailors' magazine and quarterly report of fashions	Deutsches Museum
The Teacher of health and the laws of the human constitution	Deutsches Museum
The Temple	Deutsches Museum
The Thomsonian scout	Deutsches Museum
Today	Deutsches Museum
The True Wesleyan	Deutsches Museum
The Two worlds	Deutsches Museum
United service journal	Deutsches Museum
United states horoscope and meteorologist	Deutsches Museum
The Univercoelum and spiritual philosopher	Deutsches Museum
The Universalist family visitor	Deutsches Museum
US military magazine	Deutsches Museum
The Vindicator	Deutsches Museum
The voice of Elijah	Deutsches Museum
The Volunteer	Deutsches Museum
Washingtonian & philanthropist	Deutsches Museum
Water cure journal	Deutsches Museum
Weekly symbol	Deutsches Museum
The Wesleyan expositor	Deutsches Museum
Western citizen	Deutsches Museum
Western horticultural advertiser	Deutsches Museum
The Western lancet and hospital reporter	Deutsches Museum
Western magazine	Deutsches Museum
The Western quarterly review	Deutsches Museum
The Western review	Deutsches Museum
Whately herald	Deutsches Museum
The Williams monthly miscellany	Deutsches Museum
The Wisconsin farmer, and northwestern cultivator	Deutsches Museum
Worcester County cataract & massachusetts Washingtonian	Deutsches Museum
The Workingman's friend	Deutsches Museum
The World we live in	Deutsches Museum
The Wreath	Deutsches Museum
The Young catholic's magazine	Deutsches Museum
Young people's journal of science, literature, and art	Deutsches Museum
The Young reaper	Deutsches Museum
The Youth's medallion	Deutsches Museum
Zion's herald and Wesleyan journal	Deutsches Museum
The bulletin of the Cleveland Museum of Art	Deutsches Museum
The North american miscellany and dollar magazine	Deutsches Museum
Annual meeting of the New-York City Maternal Association, february 28, 1838	Deutsches Museum
British North American Wesleyan methodist magazine	Deutsches Museum
Crystal fount and Rechabite recorder	Deutsches Museum
Elektronischer Fahrplan	Deutsches Museum
The book-finishers' friendly circular	Deutsches Museum
The Indian advocate	Deutsches Museum
The Last message! to all who love the appearing of our lord	Deutsches Museum
The monthly lecturer of the National Society of Literature and Science	Deutsches Museum
The New York chronicle	Deutsches Museum
The ocean wave <New Lisbon, Ohio>	Deutsches Museum
The perfectionist and theocratic watchman	Deutsches Museum
Literary advertiser	Deutsches Museum
Bible alliance or the pen, the pulpit & the press	Deutsches Museum
Practical christian	Deutsches Museum
The Opal	Deutsches Museum
Der spontane Zahnausfall /	Deutsches Museum
Festschrift zum siebzigsten Geburtstage von Friedrich Wilhelm Strecker :	Deutsches Museum
Trace elements and electrolytes	Deutsches Museum
Journal of forensic neuropsychology	Deutsches Museum
African journal of AIDS research	Deutsches Museum
Research / Virginia Polytechnic Institute and State University, Research Division	Deutsches Museum
Acta medica academica	Deutsches Museum
Anti-infectives today	Deutsches Museum
Advances in applied mathematical analysis	Deutsches Museum
Classic record collector	Deutsches Museum
Chinascope	Deutsches Museum
CCPA monitor	Deutsches Museum
Cogniţie, creier, comportament	Deutsches Museum
College of St. Elizabeth journal of the behavioral sciences	Deutsches Museum
American choral review	Deutsches Museum
